time,temperature,vibration,rpm
0,81.49014245903369,0.5699677718293001,1966.2410862512809
1,79.58520709648644,0.5462316841456385,1992.774066464224
2,81.94306561430207,0.5029815184960087,1960.379003950002
3,84.56908956922408,0.4676531611147213,1984.601923518048
4,79.29753987583,0.5349111656806795,1905.3192666523107
5,79.29758912915246,0.5196742692710875,2010.664685368647
6,84.73763844652217,0.5447596610013866,2000.0602737681113
7,82.30230418745873,0.5317585900840984,1959.1455684465905
8,78.59157684219514,0.5524776357659668,2032.9622834216202
9,81.6276801307579,0.47323823942197163,2046.878506881328
10,78.60974692156262,0.5658697032817163,1919.6220067815514
11,78.60281073928923,0.50987998023462,1961.8637610716894
12,80.7258868146981,0.6037630436312633,1961.542882510635
13,74.2601592660266,0.4655406090955216,1953.0048449445567
14,74.8252465024609,0.5867981901582625,2041.4737420965873
15,78.31313741227709,0.5098955391731324,1990.30869306136
16,76.96150663899672,0.4674290998192776,1986.7742579344695
17,80.94274199778582,0.4758057082972839,1899.8068817796623
18,77.27592777343636,0.483982634590284,2031.7709015104613
19,75.76308889599413,0.5212082973200958,1938.0370802573264
20,84.39694630676466,0.526141774401775,2002.9966315133165
21,79.3226710985404,0.47131499980307107,2013.8688468979096
22,80.20258461406377,0.49878227038695083,2068.0329297919325
23,75.72575544135962,0.6071135179305932,1934.5589800440443
24,78.36685182642445,0.5863771585050356,1849.0243922089587
25,80.3327677691296,0.5218161834837016,2009.1924772376847
26,76.54701926773309,0.50190017390841,2090.025559075543
27,81.12709405503702,0.5060015663359131,2061.947317646972
28,78.19808393024358,0.5306758986365209,2010.4829707637314
29,79.12491875062017,0.4488603717400797,1975.4181907183977
30,78.19488016331181,0.48713117312883275,2040.3561298318655
31,85.55683455352681,0.41657079630612054,1951.3226900147765
32,79.9595083257862,0.519961156130264,2023.817888467811
33,76.8268672131323,0.532359796985137,2025.2735079583313
34,82.46763473630956,0.4758406768850313,2053.010495374944
35,76.33746905008694,0.5786993381645016,2137.983001945554
36,80.62659078501427,0.4387117168498829,2019.6207983589384
37,74.12098962836068,0.426781255989509,1974.5518187146251
38,76.01544185330471,0.5112225909279986,1998.7212843904003
39,80.59058370760737,0.5523549151306077,1911.546204755544
40,82.21539973998622,0.5841963845728935,1965.2643434455472
41,80.51410484356991,0.477055786856553,1979.5358780943448
42,79.65305515283528,0.5539340416715648,1973.7955801032704
43,79.09668891323213,0.4980745765249646,2007.617743601686
44,75.56443402889772,0.491368635002959,1958.87900338089
45,77.84046737481587,0.5441829968743336,2056.051533366224
46,78.61808368712063,0.532616143920671,2000.0103532459098
47,83.17136667865675,0.4211803921507875,1999.5349839430694
48,81.03085486870539,0.5738270174862948,1983.605264174354
49,74.7108795339118,0.5690045677073726,2007.7595341929489
50,80.97225190818439,0.4687218649245235,2041.2549132333818
51,78.84475315875105,0.5197901766718704,1956.643489214455
52,77.96923399908212,0.524701509314137,1967.0941755462372
53,81.8350288665226,0.5130336882911953,1984.8136985611668
54,83.09299856748785,0.47248474230772897,1932.7064538263392
55,82.7938403573486,0.46641883160309744,1959.0371070139252
56,77.48234743033208,0.49872229645042776,1976.1889563227671
57,79.07236287244636,0.5586364509629682,2043.7194590356364
58,80.9937902942107,0.5271800077297216,2013.1280664500962
59,82.92663538136708,0.4814692833956947,2009.6794955683772
60,78.56247728646413,0.5385849355324173,2042.5448981083987
61,79.44302307000855,0.3575728689684962,1993.1314105800302
62,76.68099507798192,0.5574382850186052,2019.5232424964445
63,76.411380127758,0.413014311061095,1994.8389123533752
64,82.43757746718259,0.48187795292984337,2013.2681174699815
65,84.06872008571247,0.4440165052686928,1970.862067119421
66,79.783969635259,0.4352659262139547,1878.0591420861786
67,83.01059869367607,0.558041339368926,1993.2860418906848
68,81.0849080751429,0.4766149399344054,2071.137406804997
69,78.06464073618463,0.5173251940865358,2046.3107701120796
70,81.08418681652525,0.4976539710560408,2048.2698742295584
71,84.61410969939791,0.523852041361156,2061.806536090311
72,79.89252188267015,0.5038410945530127,2004.432879548072
73,84.69393096744201,0.43585038879057153,2009.8657853702798
74,72.14076468773077,0.549813340972357,1969.1174052282825
75,82.46570751312566,0.4753121708419344,1984.1963571986475
76,80.26114120471452,0.42217090506701244,2030.788557488557
77,79.1029779486024,0.47859424195170436,2060.194221858441
78,80.27528232960651,0.5750379895317156,1993.02768621595
79,74.03729325619732,0.5425110871056746,1977.4905367574295
80,79.34098433648747,0.482567393279607,2000.0263979428298
81,81.07133771453523,0.48253711478407857,2030.0603374464558
82,84.43368213422455,0.48391824743913087,1927.8072591933228
83,78.44518934517906,0.603837399178042,1885.1909523431382
84,77.57451919132043,0.5190967726115777,1972.473157525421
85,78.49472886924639,0.5215020823595535,1938.9643787042921
86,82.74620635310622,0.5515141727015921,1974.5929901176344
87,80.98625332897905,0.5119394579513257,1992.6109840591264
88,78.41071938869888,0.48704789270896487,1977.3375795488494
89,81.53980229934007,0.4901825075457511,2072.623376723537
90,80.29123264804412,0.4964199370292968,2016.337238230116
91,82.90593497159867,0.4981388881745079,2015.0237179805415
92,77.89384071836794,0.536381477181849,2031.11035720217
93,79.01701356020669,0.5025972942903649,1943.0583441109616
94,78.82367554060353,0.5366320038607789,2051.9555893710135
95,75.60945515560364,0.4959641709945709,1996.211785673227
96,80.88836083119372,0.5039317595158045,2033.5240308620607
97,80.78316581653966,0.4000899657733946,1946.4071383479923
98,80.01534036992739,0.5458163837351241,1922.3120616991969
99,79.29623859987456,0.5173244237948996,2040.8944829012514
100,75.75388777384876,0.5499005054929826,2018.820476304876
101,78.73806403170393,0.3551872310903155,1954.8974222821246
102,78.9718564504197,0.6044187352390364,1956.5168459362653
103,77.59316819233514,0.49302051859224133,2056.2717392207383
104,79.51614286500197,0.5554091408368759,1940.5294053566336
105,81.21215257044362,0.44800470364372347,2082.133647662798
106,85.65855770363159,0.5306386952531285,1954.9689632676066
107,80.52373343849551,0.4473292218413172,2031.9195962804192
108,80.7726511721683,0.46881155196520974,1983.5690762125507
109,79.7766622527015,0.5957015676933393,2030.1593715541171
110,74.24368635410288,0.49046587996183266,1972.7942998942904
111,79.92045837365235,0.5108716436589862,1991.8603546963852
112,80.18069062982308,0.5435033865344377,2002.045958769786
113,87.38972633745585,0.5247840943986303,1949.8906272109264
114,79.42291710565664,0.5075209452571788,2037.0412172710062
115,80.90464202700083,0.5182480501233113,1974.3393216764207
116,79.89586469088427,0.6201707792619138,1988.570004232999
117,76.4939658871414,0.49711906014832075,1950.2825312695743
118,83.42846844354506,0.5100549523357484,1871.8833170602345
119,82.25579909806032,0.5525327198003807,1990.4486118699915
120,82.37309584112914,0.5552762966478992,2120.630771080646
121,77.27183763561578,0.559351515278019,2039.2302143949012
122,84.20838293280829,0.5319365111014592,1999.0369810132802
123,75.79444681162316,0.44284975436347584,1986.8554585395866
124,81.76057128140081,0.5816715766150549,2001.1232946406024
125,86.57136687742994,0.4426827303490656,2027.3559557587605
126,77.02839102460794,0.5151317732619517,1940.9593592345577
127,78.30110681119169,0.4622862074990321,2055.7160847334435
128,80.29895409526293,0.4967930826703504,2035.7690657720623
129,78.4895730376514,0.516438120515174,2035.9092862853968
130,75.3480097068016,0.5160678607725137,2021.9237869404865
131,80.20568892441808,0.5210960377117643,2000.9808328846996
132,76.81308885882169,0.5806855634529323,2033.643061798341
133,81.42077729190555,0.522676715075699,2029.5907066870689
134,77.2417272972986,0.48779216823546756,1982.297964452949
135,84.64980321505261,0.5482043584144178,1971.319911355155
136,77.65024012299129,0.559473524446232,2005.0928147630993
137,79.03381545138298,0.43861960924315035,2077.4510075747594
138,82.44055165210901,0.5298700034924929,1938.044646217305
139,76.30740705069813,0.5350586371155449,1926.623736712378
140,80.68237980381238,0.4851218248320004,2008.2380420618258
141,83.92142826284729,0.568785340665581,2002.544385092801
142,75.17755029631631,0.49249722064837365,2008.6670832185205
143,80.55390157559691,0.5062788226735772,2012.197659895425
144,80.77964838274526,0.49134640878580654,1988.8398872682596
145,82.34546861533192,0.5007789523790733,2074.493171930104
146,76.28914786736576,0.4451862456552399,1919.9548010761741
147,76.03863016074718,0.42799745587028526,1958.5751487609878
148,81.5658246968507,0.5797252531612487,1994.8372619925476
149,80.89095401969956,0.4576519325840836,1917.8405594422916
150,80.75147855103764,0.45043038252718465,1991.2072797783965
151,81.03934462849092,0.39233049431981426,2083.0735082864007
152,77.95992583526453,0.46805191261552487,2001.044324414798
153,80.69676109148301,0.4338455103296251,2011.535045285934
154,80.87921741989604,0.5821007580068185,1936.991761741371
155,77.8569457459209,0.5504908544671318,1969.181929598026
156,85.59732353343426,0.4655924827411138,1981.2401809838032
157,81.42149876273537,0.6126217902672154,1984.1142451621884
158,76.42608950839205,0.5490882743495797,2064.0821897501883
159,81.96966082590149,0.4837584308245689,2027.8845530362562
160,77.07595498931803,0.37502971425632137,1944.4271021531483
161,82.36125381122736,0.6145471286295371,2012.3252389216002
162,83.47578673702222,0.4305213766618202,2024.9110874248393
163,77.53795304494487,0.4177300626521554,2057.0074519260634
164,82.89012838773297,0.551128521600482,2079.0270343284187
165,81.23834278080949,0.6219876203169636,1949.2452904086065
166,82.46618047998346,0.569213640925526,1959.457124439483
167,85.69037894796185,0.528195456002618,1937.1211070542693
168,79.26383565199139,0.5297377170832643,1988.299007044651
169,77.73879150692753,0.5426707779390154,2023.3179187223168
170,77.33145671112344,0.5379464294893382,2049.366725829455
171,77.55256914510369,0.5140595711984688,1996.2024488178738
172,79.76869487175769,0.5052100551975938,1984.0076238372578
173,81.02345592444993,0.49687034360502386,2007.587899612437
174,80.83007239799005,0.4623017705566662,1958.2428549184988
175,82.48154974710808,0.4859662461566613,2104.4769360847386
176,80.03900567563372,0.4153521592902307,1919.616948644097
177,84.36060223147194,0.4950830186602625,2009.2370289447863
178,79.20602950028614,0.4505704446424541,2101.180310961482
179,88.16050749976885,0.44482053413921147,2000.3399922279998
180,81.87700204329502,0.508994707557674,1990.4980482499252
181,77.42852733075115,0.56960011431723,1982.1277288594786
182,76.78732250581666,0.5459158303001157,1990.9804159118796
183,81.44741724572955,0.42147496981884114,2068.6424237338265
184,79.32961164402245,0.45051859317148313,1889.4069044335247
185,82.14200148227627,0.5470385593994108,2076.6716850648163
186,81.41971287372064,0.45087563032308453,1928.8021423774928
187,79.78151326202938,0.4887683425001488,1986.6673835382792
188,77.45961884579478,0.5275026049512276,1978.537778985067
189,75.4554583259424,0.4515827772568182,2029.427663488536
190,78.66045514379894,0.505268775307298,1920.0937824058126
191,82.56919638297042,0.43329872525408974,2023.108633304097
192,80.64228123239062,0.4699316178024393,2101.2154811643427
193,76.26278366386404,0.5159890967071269,1931.8412997703595
194,80.51954277755354,0.42035031332341655,2009.4853083805199
195,81.15595213918651,0.52202373689802,1966.9008911101696
196,77.3484276913966,0.4990181100536659,2021.294360309652
197,80.46117531783658,0.5276244977208574,2000.9573888707876
198,80.174626155338,0.5111957067032331,1967.9256545477845
199,76.57108910650813,0.5682070214986922,2024.3936142435537
200,81.07336208104485,0.5062612251323954,2090.217405489337
201,81.6823535791047,0.47852972294373736,1990.454810413635
202,83.24915372952583,0.5061148751516142,2035.987897107409
203,83.1614061561047,0.5271649014518194,1935.3363521064418
204,75.86699189612872,0.5024430035162852,1952.1781811590995
205,77.18652488025464,0.5020295845601941,2023.6203138940189
206,81.54510580162598,0.4649004156096622,2074.205801426798
207,81.54135785273662,0.4668549541224526,2017.780667439283
208,81.54514305891814,0.4298697364100153,1984.3470984738424
209,91.55819447196416,0.587478837159347,1999.9645702711678
210,81.7126715320795,0.43780683823043576,1937.479613301514
211,83.40669692054179,0.4653547401102046,2030.2257663177684
212,82.8620052904796,0.4640796367215401,2044.1166531161705
213,81.95417375391739,0.5447462188472221,1977.395483358346
214,79.05419226607896,0.4852525160853986,1976.497892612025
215,82.2769076614798,0.5623871036336867,2013.2939114826024
216,77.68152435638729,0.46632546878780656,1978.1640131979702
217,79.28954417977997,0.5139497081111901,1996.693369268709
218,78.54390935651269,0.45823264733701213,2104.9860894583258
219,80.24562241815897,0.6072574563886695,1987.6487149627
220,86.94397570002053,0.44062007904852435,1982.0829923989388
221,74.39820442222475,0.5154910355113513,1967.622909718242
222,82.05878057112353,0.5316888440466049,2037.2095985749968
223,75.16185238643105,0.520689954872575,1990.938791339095
224,78.5842044026317,0.49073561705611457,1967.5313480839286
225,83.2668517909021,0.4935089650133287,2066.0652016136505
226,80.19284005728639,0.5021905735989555,2070.980150225682
227,76.76676566621208,0.49264989991857555,1969.9788217130647
228,77.85408887222009,0.5481939558397455,1906.6730024319693
229,82.03879324680403,0.6105261500795676,2050.375684491846
230,77.80890010484859,0.47212541074960834,1965.7685087119999
231,80.64937576874593,0.4315098510210461,2039.5312799581384
232,80.13671551971144,0.49558589758243726,1901.4948091144083
233,78.04519895718255,0.628985466882716,2044.6298669149655
234,86.43183226797598,0.45981627160151345,1939.441403535961
235,81.90175706695403,0.5819558402722034,2036.5382059533263
236,73.92457224002717,0.5838850407038221,2000.7136533918217
237,80.55936294430828,0.4723205879146003,1952.3030290301679
238,78.01464060569484,0.5284491539592637,1979.648184353661
239,82.55730000438867,0.5814198311564269,2034.315922847835
240,77.6224377847019,0.48104361295062564,2005.2947226557617
241,79.6557906755993,0.4898209819948819,2029.2206490236242
242,81.51496183694137,0.47091595430256783,2098.8220292257743
243,82.59726558251036,0.44926216346535663,1921.7879194144475
244,76.39911077883266,0.46753612274669964,2080.8606287484313
245,78.99649629247716,0.43880298666188716,2005.2177968761607
246,78.57516406651713,0.5017041734129613,1955.0607975838436
247,78.04001230227887,0.4615013384470679,1933.4843187130505
248,85.29636272084329,0.5116892955895374,1990.5439804611483
249,81.21494513288286,0.4222052176898186,2046.082505596223
250,76.21734813699487,0.5165440116107228,1993.6225439811233
251,82.75358584116432,0.5416764480804462,2075.5577465123674
252,86.3664685910379,0.4003132178714272,1927.441215497422
253,83.09739578165345,0.5187028284923786,1999.3955526076973
254,75.44189010213796,0.5613834496236646,1937.380327779344
255,78.54729778140124,0.43951794906543973,2018.1815941312484
256,83.80073344755986,0.5836286193418851,2044.344369504865
257,77.87699160314367,0.5209509504683023,1978.9619103159473
258,81.33145828443868,0.4647494072120796,1869.7893071686433
259,82.32390216028801,0.4972115461171147,2009.9474073398246
260,77.21920858526575,0.5279163456260861,2021.8369275866755
261,79.82142393181459,0.5038002695706206,2020.2147377480849
262,70.27619797979278,0.5269377996223185,2061.7891095911077
263,76.92683707599713,0.4539663203460317,1946.4473160175476
264,79.24229554582053,0.5084680412018039,2034.0108052725225
265,76.25665045410545,0.42931427515475096,2059.625375623899
266,84.8972339117949,0.494438696932565,1911.070620799674
267,75.7095758661181,0.4548046179267605,2015.9825912959489
268,78.67986653990904,0.46322350287051167,1974.7910084496164
269,80.39222173185827,0.5618046587605219,1995.9238663449178
270,84.32381986719835,0.5545655060297134,2017.3838241769167
271,75.69241354646168,0.5304569060453589,1975.6385717943224
272,83.48949125646487,0.44538436176637103,1966.2145960419193
273,80.03069918305876,0.4841795775152599,2001.7076208744013
274,77.05547404685615,0.5606548849989592,1945.63770305686
275,81.38631042278982,0.5070858456819952,1945.7087435557407
276,80.59717908672042,0.6159664769990847,2033.9686641478252
277,78.19934936852361,0.5196658919697186,1942.5602982420671
278,80.20940625497006,0.5096024558245016,2033.3156250454606
279,78.84405920941472,0.48454417678987494,2023.1295646426975
280,80.34055203575375,0.5066770452391142,1913.70966356047
281,81.98639202356314,0.4923765081809728,1966.1217673832173
282,84.75805044843605,0.5354054338344295,2059.7054701523684
283,76.28655350351946,0.5478351158397292,1950.941723443016
284,86.3991001239688,0.4607005269746025,1976.7797868845307
285,74.1437366014325,0.4334383523221111,2023.1030446625948
286,79.54464471489325,0.40818973134483516,2039.1695254641297
287,81.76495161945373,0.5253995663456272,1987.4230556977752
288,80.8429756032051,0.44483166969130633,1970.124490265418
289,78.13190144053821,0.39235547035237583,2071.1184930849254
290,79.37563324892817,0.5194289302265482,2086.944983189879
291,78.5209971960235,0.6246499758716395,2048.9429025390896
292,78.23190572916737,0.4996964544230053,2004.2659071282512
293,82.54880629106307,0.5419245387225821,1959.5867139179536
294,81.07104645789514,0.5040914679273782,1958.4777796721717
295,77.92127121421804,0.49505551734044284,2026.125705263288
296,82.69879962629975,0.5459538241493884,2020.9199110444342
297,80.92189856262983,0.48548627279056744,2070.0799296473215
298,82.43858635651688,0.5133696157035952,2032.522504626807
299,81.88888652577084,0.5160848903098006,1924.845984912009
300,77.51301496723379,0.46659547731784756,2052.597380886146
301,78.31945687940909,0.5496021174768262,1950.0969686342794
302,82.24188081536978,0.49125201216522957,1980.8014364023825
303,81.8311107963004,0.4622127420253578,2012.5100103125847
304,79.93729521810755,0.5268254921785201,2099.783374489198
305,80.35198214992634,0.4550766009104481,2155.495927800268
306,83.83299468736527,0.5014090578684565,2030.3361529568092
307,78.2252858334925,0.4995440501677898,1990.8401690639805
308,81.64129214351011,0.5542947782915789,2026.7252824240275
309,79.39342204269832,0.5237349116439977,2044.3827712936918
310,79.34695639031834,0.4987486520627428,1983.9666187221403
311,83.29633055596157,0.5408883149600143,2089.760567795616
312,82.47624904696409,0.5695103774508656,2011.5035379595702
313,82.44052890800191,0.5278905153175931,2024.8871544545698
314,83.91643642146299,0.5005176309921691,2033.296212602723
315,80.06301152489827,0.434408188382492,2021.0793305307227
316,82.04585891388489,0.4467443168462314,2041.9470250234806
317,79.06919973021964,0.48473876478226663,1969.1373406726539
318,80.97249905746533,0.4695243898920358,1972.0849123026985
319,79.60957083689695,0.4906514348507277,1944.9922883514153
320,80.29098789497816,0.5028324962448554,2021.9750615310113
321,81.78547107631074,0.5264846377178365,2038.9468251756057
322,77.54533795029958,0.4964750610970454,2022.8886433075943
323,86.27716182705637,0.5243250821913101,2083.724621667377
324,76.98194785550089,0.503223720740506,1999.7201990585477
325,76.3574341616368,0.4012266716823064,2033.4370827796256
326,83.4743326205002,0.4530332303090623,1945.4149561930342
327,82.3749880818888,0.4927956222139192,1980.64501487628
328,81.87235945115647,0.4395152628579446,2034.7768878782888
329,81.88503652779283,0.5299964364998102,2042.4551055371571
330,79.96325968145926,0.5765375416171848,1985.301652616791
331,77.3082368855425,0.5609380925848658,1996.4200374070967
332,80.22741367458119,0.4893278564534896,1924.1063126659596
333,77.96851486546366,0.5745363068424976,1982.1485399596695
334,82.92535920025325,0.5074333728601056,2044.5191581759893
335,79.55882785549359,0.483145701444098,2028.7602508053283
336,77.52350840962247,0.469329866822953,2025.0332860690605
337,79.03584247504102,0.4848765156755936,2002.488684359048
338,81.23879436282687,0.4805911590729386,2000.3531579314088
339,78.30882634158807,0.5085208111187743,1966.9839430263276
340,77.5333388133007,0.5080286990524933,2034.9414210101268
341,80.73106163447574,0.5001523010076707,2021.0486472194696
342,80.73489971332617,0.5218469084873175,2024.60094239964
343,78.47917047388661,0.5595323137393171,1973.698257866621
344,78.58688508314503,0.5474777067720662,1892.3328540064379
345,80.6961498120729,0.42575510157750485,2054.857635587685
346,75.65574697550802,0.37230394325490224,1976.0581271995798
347,75.77760867687033,0.5467159955619637,1956.861211797844
348,77.8446673362427,0.43165606507922893,2034.6739455956997
349,79.35965854486446,0.4887617299053658,1980.3993680040435
350,80.93272269679402,0.441494348697032,2052.996819202331
351,84.42606865084866,0.409900978120999,2030.8502974788348
352,82.57297886960606,0.5270731364102395,2034.1784661600238
353,79.52018441010972,0.5379577580151323,1931.7022144399732
354,79.94295137629193,0.471174479963664,2060.59719926932
355,76.99241190608657,0.37044788539275453,2013.0625265616927
356,79.94446059202284,0.47268777758737585,1981.53614303769
357,79.13402408323958,0.5195902002701274,2007.1694233671126
358,80.96815568101427,0.4260544215612936,1911.188238355084
359,77.51830716934303,0.5091679959889578,2020.4326405740335
360,81.55803954272352,0.49923450754135024,1948.5314245908964
361,84.59821673900774,0.5289645749800544,1932.3664857078234
362,79.67371955462943,0.5059790184207077,1923.8820406891055
363,81.20513516629683,0.45134655295592224,2055.634418749496
364,82.07043197513333,0.5598285750832246,1968.5368303153605
365,78.7963385843425,0.4920735213486515,2076.686385495825
366,80.67227744543125,0.49863477302450343,1973.209926847385
367,80.03777720234538,0.4533366020463402,1914.6321021203526
368,80.2930282956465,0.4778358874404245,1944.1737780025671
369,77.6809706484336,0.45575986429865495,2061.7905810003467
370,80.07353052277684,0.49135269700382883,1992.2050911031665
371,81.49399487373636,0.5855854240071172,1972.5856351754699
372,84.35343082338512,0.43140494285343217,2008.0009112926393
373,82.87781247825562,0.4193219301061629,2025.0891368083771
374,86.45954737253467,0.5735585163746805,2055.869940795123
375,77.69795731133586,0.4895338161424067,2072.424961494646
376,82.61696191016203,0.46654636306700414,1982.0115677105457
377,80.55002601721506,0.5519952343698038,1933.697615695898
378,86.56940879965302,0.4697192230131568,1979.3267419438362
379,77.57510514393455,0.5913004856773468,2013.0140253291443
380,77.48083447345768,0.5338962935669634,1951.8120536894694
381,78.20182206366793,0.4756044295927149,1952.142454255248
382,73.62831282707057,0.6078654106632752,2017.1893940774942
383,78.42273493495772,0.46971425384983306,1997.5673824214775
384,77.72260201533891,0.5371047686004653,2001.6398497705793
385,80.45118135942862,0.5149646290203246,1962.0752332649965
386,81.02526792733148,0.56508706446994,1988.4799642897117
387,85.62851251764766,0.5780755598363426,1953.7883427865847
388,82.85127151455815,0.5016002074532884,2044.5099205562394
389,78.2692890330128,0.4623291064826908,2051.7624667361874
390,77.30475598595493,0.5229986071469558,1907.6906068880953
391,81.47575751451951,0.46611423151239467,1953.5244569903796
392,76.03930037893808,0.6006693623763312,1925.173537245496
393,85.49437629756306,0.5068267665541368,1967.498803279655
394,83.53832036216386,0.48173392243439456,1995.828101510482
395,78.59247304368589,0.5092340152932454,1927.5177390150734
396,74.86059641272738,0.4326436855235152,1953.9070093437344
397,84.06161712249624,0.4514192980744674,1949.802131395925
398,79.65638046424215,0.5600206953972213,2010.363366469947
399,83.71344893592038,0.4671552860514302,2003.4672168518125
400,75.2167170236169,0.447654450865903,1963.9131223331374
401,78.20187493113868,0.5268326376263643,2008.8410436069698
402,80.01573109915455,0.5592852077331498,1972.6659957706368
403,80.14094178129423,0.5359476655332533,1986.4172444836972
404,78.64980358556227,0.5498023842902908,2083.6726045149267
405,81.86854979704249,0.46216024557152696,2067.023052589517
406,76.79713871185221,0.4289094666629078,1935.0209381536201
407,79.57286154493612,0.5750666825977744,2041.4866208939586
408,80.36088689513569,0.4838660080578932,2040.5698277245797
409,81.54331650217625,0.4874583491772476,1942.586835562369
410,82.13484463426667,0.5664097070924529,2040.938882187743
411,76.62607372448639,0.527811500470033,2076.8965959206275
412,75.39765748779314,0.5227943886040803,1943.8727596877793
413,83.83303046569553,0.6082501172450542,1954.1248589492868
414,80.99694203593877,0.46782408848099283,2050.883073342175
415,77.75454039033033,0.5463920064040618,2013.5747655412824
416,84.65345592656757,0.5028506562448543,2027.5738137619762
417,80.34702390287858,0.5134296139431629,2017.0294608200247
418,83.53789155219148,0.5764234213206266,2019.534796046407
419,80.20255544423033,0.5253917878144811,1933.6763935844458
420,86.18224377464597,0.5269148039524817,2052.3658853310726
421,85.26602252732961,0.5536253668654901,2058.4794996213886
422,79.25310755456277,0.4817523635228557,1988.5304627965986
423,82.91471285286306,0.45803951663304965,1997.826152509307
424,81.93612784875545,0.4477595402989483,1923.4446248722138
425,84.10589467259705,0.4016821705311999,2025.7127378008918
426,77.10522961825968,0.6028103564970161,2028.6028720857073
427,82.05815437999532,0.44483958171391585,1996.8904491500346
428,83.17527346054877,0.4889373188207114,2056.217667993525
429,74.72378154073066,0.48615933500555397,1983.296138451003
430,76.45022446200268,0.515370334890455,2028.23029629468
431,73.88230346671969,0.5407868606269648,1949.0167830653943
432,79.19177949666633,0.5430236744179873,1998.822392456288
433,82.15262676738789,0.47084612807155307,1991.2822871048581
434,84.50707115628808,0.49164391431067944,2011.2653961020471
435,80.22228434125932,0.514128997524415,1981.5236535583322
436,84.88584663671388,0.48756544369082266,1993.4263702164167
437,75.85969562535533,0.5803672788009997,2041.3023585720753
438,74.88985268193454,0.5245487475819126,1978.1617881380892
439,79.83335690331015,0.5367438893024908,1919.6711449630661
440,81.15219634681792,0.5331440634333706,2087.479195210271
441,79.90191575571772,0.5586736928742663,2069.0727039345243
442,73.79767369988036,0.5090510779351853,1935.386865244719
443,79.73263988146164,0.4351584026022077,2034.4853902622597
444,76.08659149848545,0.519984397587632,1974.851261472433
445,82.00901764649012,0.46743215531040855,2013.174360766553
446,81.09979473829054,0.47356916591251214,2014.7112064506746
447,77.18036064101793,0.5293182009377546,1988.279609984184
448,78.45839924798992,0.5619141535716818,1960.8117167206801
449,76.82235943433315,0.5010635788368031,1965.4729473841871
450,79.81196270818049,0.5154416506299482,1954.190404225938
451,82.86542696150372,0.5851107472317619,1958.4088895884777
452,77.04282186099337,0.5120376589744284,1996.6410854975322
453,81.51213954655353,0.6300841557090198,1964.2120005444624
454,78.40922714488268,0.5282754822815772,2034.102603285631
455,77.62138150321297,0.4119618620422091,2074.362307766796
456,79.67890892013632,0.5376670810552266,1970.997337931498
457,76.89427303274188,0.5190579192441389,2011.970225026769
458,78.33905208395845,0.5644876377041372,2024.9842555151467
459,76.40636632223345,0.5336590675634979,2023.6001135459637
460,85.89417539874917,0.4930772008008113,2003.7977633958044
461,80.10579065591519,0.4387850881855317,2037.1341209179861
462,77.90082347602224,0.48954883713569874,2024.1124476340328
463,80.64193973220267,0.457473977289535,1938.116878883635
464,79.66301585092751,0.47097382750976385,2043.4578032194636
465,79.33709120140033,0.5294289202210305,2044.364541863337
466,81.84250010013028,0.5834952252175704,1961.8356947910709
467,82.27252313014192,0.519733576491149,2001.89689177238
468,78.40849655716842,0.44020584689824077,2034.1664496405535
469,78.27254527806596,0.522230133411007,1989.534309021032
470,79.17484490854507,0.5598315743322826,2053.6489023883005
471,73.09423650579325,0.4695108547840309,2118.193624730968
472,75.45442681340434,0.49329914166635414,1960.7006983682509
473,84.10062280233358,0.5007344097364599,1930.9477698423113
474,84.93490314050385,0.46075508434588797,2015.1909297802438
475,79.25289188133087,0.532414021692193,2036.0781252563072
476,81.7296708891673,0.49395259256961094,1988.4566813077615
477,80.9337504636306,0.5209766221953513,2072.6630331660517
478,89.23664242536572,0.455625391109895,1933.0697100138375
479,83.35872473430373,0.4781270849838295,2034.6459311515805
480,79.6162472255577,0.5361190678913885,1969.7069589620553
481,77.13337867819872,0.48135834239541164,2085.968895310365
482,75.18066103922729,0.5863481925616703,2099.625767658406
483,80.61039090760167,0.4800181907192699,1961.6671706108325
484,77.73094776414709,0.5112342362875943,1972.522143204571
485,75.73323887120698,0.5466295415936545,2042.9793943489901
486,78.06028134727242,0.42908171335334844,1980.6434675105243
487,76.75535598915681,0.4119595594009612,1997.7294391033881
488,85.06142490521769,0.42371718427149524,2001.2694210271204
489,82.64491927084835,0.5631292051713591,1904.0163421901173
490,79.97608207605015,0.4724070927053777,1999.3081126952882
491,84.43983241667007,0.6279099642834126,1965.5136112967914
492,80.23210492294285,0.4717876200671306,1975.3438588800113
493,77.4161473960152,0.5092275651598519,2072.1816001734405
494,84.56937223180897,0.5771054976283938,1937.1746552860373
495,81.61673013105397,0.6003046444079562,2040.6602593373989
496,76.88826153702063,0.6030751788318199,1986.0518534834096
497,79.42898396574918,0.5604183115296572,1986.0119915752082
498,77.37314523984573,0.5512031262905731,2039.5185948025855
499,75.85160080710699,0.5296263474600591,2017.0025647284444
500,82.77853264259493,0.5389180538083319,2028.5306498609766
501,85.7282499214104,0.4724407141835733,2048.409233026643
502,75.80429727854258,0.4590900558288846,1983.4345808408339
503,81.68890771007172,0.4998312771294524,1969.3881632746125
504,78.04807229263452,0.4914907688737536,1945.74247367211
505,78.53862384870591,0.4773385975336362,1958.7294735010523
506,78.2228182272834,0.5348193723728357,2147.454721265436
507,77.40802769096055,0.5477652604285256,2062.233979036839
508,80.14556488383448,0.5044203443145924,1932.446281689599
509,77.50714965076689,0.5738765040527631,1933.8771021628215
510,80.81137047733952,0.44291554429332475,2024.0933030859246
511,79.8492856716526,0.4903170270360141,2027.3632398688983
512,79.28315585940076,0.46415888396985977,2027.4441917658683
513,77.27730901387521,0.406673169146347,1987.252210322315
514,78.269686008295,0.49586596570786506,1993.727286999855
515,82.26617367747727,0.49391262458083585,2016.3939762079679
516,81.50275156287314,0.5756724871621066,2004.2946503146666
517,77.06733426560434,0.5315405842277389,1889.0349813626233
518,80.29799691628767,0.44879065878353974,1988.5100184712403
519,82.25416137011537,0.5927046283167094,1957.4296782869844
520,74.99178415663589,0.5610516847762677,2008.7605709454256
521,81.63008057713981,0.5291048851734308,2149.2629501301703
522,78.01212872316246,0.4886757950575084,2018.3740832737153
523,81.71179600577948,0.45202803816382603,1984.3235156913802
524,77.71022253037245,0.4813896611964473,2046.0900750988626
525,74.58535369800644,0.5544374309852093,2024.1343943604606
526,75.1173726863505,0.5942293152967304,2021.0047245225921
527,80.14425483998414,0.5771621764136095,2030.3425296607836
528,80.77916750516445,0.4755575289106863,2102.827178241477
529,77.28705012468677,0.44401912833554946,1943.4555782337043
530,81.91577737633212,0.5070443123455602,2023.6816038405727
531,75.01543981319313,0.4115780317218574,1953.6809435009231
532,79.80176060405805,0.5161583857092391,2027.7756323171125
533,76.36695140071264,0.4926198706850666,1954.0656744256953
534,78.04449167659352,0.4766981749065879,1979.1316593197457
535,80.14219601394925,0.4202648466366602,1985.2455042881047
536,77.41875990414815,0.5256800053284858,2048.7908359672356
537,78.84633336731052,0.4733649580169044,2045.9227221971207
538,83.01887842764332,0.4415041582144856,1937.7141311776809
539,78.26932439143056,0.35638688933591756,2002.7467055499924
540,82.50707633619542,0.4986242547474682,1964.5210072625414
541,76.61087943602715,0.5886125798334872,1937.0747544662333
542,81.58941253374584,0.5830629607273935,1989.1491474787815
543,84.3247058619737,0.47714518717068644,1984.575860577209
544,72.58506649961814,0.46988939698191096,2121.335824317276
545,77.60931423358856,0.5234387128037512,2021.6479912680347
546,81.73121638154161,0.4500807280405854,1931.1191249622882
547,79.39086384187102,0.5150895949909733,1971.761299791453
548,81.11343762011393,0.5383040139192345,2051.06916477147
549,78.18804443985253,0.5613466611942154,2104.422138643496
550,80.2597693624187,0.4949922961760024,1920.700834388102
551,79.53296829382376,0.4898163124911517,1906.0037807430476
552,83.50334618497942,0.456100870662172,2093.548258768589
553,80.76326252990364,0.45865598229800697,2019.4807088685452
554,81.01280798622561,0.48867605540492365,1956.5853634061816
555,78.7643691016326,0.5183682753408089,2026.7314543061218
556,78.53718132778252,0.5456792313116625,1868.212613049156
557,78.70232543654113,0.4598410524659827,2000.1687753298581
558,81.1833564271349,0.5746344284479761,2016.3910586421543
559,78.73704655753922,0.48644381994787156,2046.2135069768915
560,80.86932457068924,0.49893163528257817,1949.3052023853731
561,86.22620239593631,0.46263941604260883,2004.2843580701679
562,82.61337411029508,0.3787879869863529,1953.7287686970205
563,79.02192940349647,0.5442022698180525,2012.7691877837158
564,83.60364176649183,0.5368421948546217,1955.2326838818487
565,78.77577388093535,0.4859336221440893,1979.594958041989
566,73.88562639446644,0.5033495358612436,1950.2092302604885
567,76.97574106724778,0.525796960885205,2032.5568120911828
568,74.38762423692243,0.4218727071556729,2042.9225558328333
569,78.94545954787607,0.4735473661326853,1988.2689715021293
570,80.05525513756865,0.5397132339810914,2001.9118997480014
571,85.02931193682585,0.43728552884153754,1927.5704292683229
572,80.98078212129249,0.5146778966083314,1985.0161675996605
573,79.3426984135734,0.43217090976882977,1997.4897691479127
574,82.48821674355047,0.5233214991216764,2131.0396545514986
575,73.36659407297634,0.4982179258851258,1944.4016487112917
576,80.7068436743257,0.4192434092047245,2073.208861937622
577,82.3125955816609,0.5582369677228586,2049.8429386732905
578,75.56424126266047,0.46327042116009753,2014.0318202245069
579,83.43126212962079,0.459487378149281,2087.9310242097567
580,81.01548922248324,0.5100284598615471,2018.6052736303432
581,78.75413625829759,0.5574318674714358,2019.4579597833965
582,81.89834559831885,0.44920890905108013,1997.3439673491227
583,86.81207857341319,0.5030839924923985,2061.1784441209315
584,80.54559876517548,0.5214408250165287,2054.8234616905443
585,80.744661758901,0.5346552803631572,1968.7161356251893
586,78.62191730137927,0.5088220777638612,1934.0376402700617
587,77.45046689160563,0.48164860804583387,1989.850968130217
588,82.49100744963273,0.458620488967564,1959.9980717801177
589,77.4317485222734,0.5043071941523187,1996.8237712692323
590,80.21469871165817,0.44639304940071967,2061.871906734207
591,78.56702765970465,0.35393247582526965,1977.1349172456605
592,81.43693947723918,0.5218279902078834,1997.8588309344213
593,81.00098631586084,0.5451967420543098,2002.9011367404198
594,83.1126198327737,0.3818533782229081,2042.4215441102642
595,78.46995080343576,0.4495134647645031,1887.6555333007698
596,79.19037519411988,0.5309577130502598,1969.6649852617352
597,77.06370885265308,0.6028747734855849,2010.5641846139736
598,78.66712021977166,0.5010396853837704,2060.003947821343
599,81.13190147913456,0.4635998529385433,1975.4048776246898
600,82.27096584993606,0.49085517794475797,1906.1723646979062
601,77.23350402746712,0.5687438209574093,2030.9855722983068
602,82.60881776031698,0.46770179104377324,1968.2318805587186
603,84.06691357641485,0.46004039966748733,1940.5166670454819
604,81.24030470967111,0.4758628238908984,1968.7827305143387
605,85.6303874376742,0.4523335695870644,1990.7737321172076
606,77.67863240268927,0.5061335157997398,1969.7627667730894
607,76.26603589006575,0.581233922923478,1889.7216971450466
608,74.66383925328716,0.5161539636558015,2044.8533098443565
609,84.48813293446754,0.4873823248936856,2063.743752063936
610,81.96309696906218,0.4854094365542228,2032.5760995669752
611,79.83324598726864,0.42184045956516714,1943.1157164787592
612,80.83990587895946,0.544155488857358,1989.925423302624
613,76.62353285810487,0.4961081401493599,1999.6739342385272
614,87.33725593885048,0.49097600432046873,2029.9397194780954
615,80.38766354592568,0.6596553783922431,2033.417024435904
616,80.32818438381467,0.5149376454182844,1963.2913100610751
617,82.17729987169608,0.4624104474952408,2004.0997778206781
618,81.44302769521013,0.47868212018972284,2022.864020230762
619,80.67165207283739,0.5574222854598377,2072.7911161073384
620,77.62857663366407,0.5056635205268882,2035.2253269912362
621,81.41440507140798,0.42808610108413164,2039.452834368776
622,85.6460734894251,0.5459614467287601,2004.191331396468
623,84.03626013846494,0.4665927957230503,2070.522957260175
624,84.7795598799182,0.5936648888108773,2020.4881397979748
625,78.46635297070644,0.5540024032857325,1956.9456044913215
626,77.03118553922425,0.47763390521706245,2070.1684985062593
627,79.62263923970106,0.5640508180867556,2034.8951636269514
628,80.16717473686609,0.5033927755263702,1977.847798943576
629,83.28257455541285,0.542638683756111,1976.025351630038
630,74.92260611085554,0.5242366408647238,2014.8287772570382
631,84.58865095838183,0.4576821672504563,2023.1592397633792
632,79.52597630426303,0.4678225083841269,2009.8646132815604
633,78.71935679015775,0.5514980408790581,2015.5654336721443
634,76.96368687421949,0.483261233394673,2084.997868728819
635,75.0354299844027,0.47981757683790016,2053.5771576117445
636,82.46951175188575,0.45224387103253233,2009.5317795632511
637,80.2199539015652,0.521179953279673,2047.0655290383743
638,76.13011730077685,0.6031262459621572,1948.373804823623
639,76.11476368380914,0.44662335428728633,2019.8963524973406
640,78.99264590212961,0.5012109728336379,2090.4653174866553
641,85.00706457586818,0.5706110277707714,1989.0977052303813
642,79.22122594590918,0.49601793043771425,1957.6183035690458
643,75.49057114064568,0.5226185898124867,1967.395555570347
644,79.26277080774217,0.446880323592656,1945.5183481328806
645,79.181829290757,0.5214153548603824,1960.7619045936149
646,71.90934007117528,0.4906427867497726,1981.4745950704985
647,79.83711540044656,0.5492864997839931,1929.7216490410678
648,79.30719640937397,0.5593693025782376,2000.78091669748
649,82.08861909444026,0.6294781821009308,2045.1138586893323
650,85.54686828483604,0.5289816586606788,1954.612190992654
651,83.37969508864327,0.5162898158291083,2075.9641961820885
652,79.1933339283355,0.5097192150788667,2025.5396044263798
653,76.680422273775,0.4823416853594656,2051.529029281203
654,87.72007940974959,0.5169241921730846,1967.1082723073932
655,80.17765530204346,0.48522992949304855,2042.7262613533308
656,80.04178787573883,0.5084230488134807,1945.4033049802345
657,79.92762473866999,0.565879876780398,2044.5123750418254
658,80.59425428230357,0.44967287173601794,2008.5919669896766
659,79.56691876422818,0.5569939280564523,2027.662560999239
660,78.27901397935929,0.5658557533669932,1941.2202697187574
661,78.35942317627882,0.49409657365044607,1955.2465078861699
662,79.90174018935201,0.39390725504957025,2029.8614109126693
663,78.3697256865987,0.4696089006452784,1952.58259978879
664,77.86146265196851,0.5648497273280555,2023.160314604956
665,80.31929068307569,0.4988565968850559,1931.6431096769877
666,79.23506834773744,0.45003488838525446,2042.4087106333334
667,84.51197896574807,0.47476125393858915,1938.3738342615745
668,72.04709057482097,0.5420310013252276,2027.6149968839761
669,83.27452055576738,0.5273366784100689,2031.2815466823001
670,83.7382555774929,0.4880533950415153,1965.1614090785213
671,73.77982930277555,0.4816587794092656,2029.1013283542363
672,78.97193721775895,0.4804120925478089,2013.0221131666779
673,78.88567740201263,0.4538794907750749,1973.057907190363
674,75.77746491584654,0.5807687844734721,1949.5722657961896
675,77.66654993722737,0.483883976539433,1901.868715416371
676,76.66827246360252,0.5608579260412748,2017.4825023649846
677,85.25681133027086,0.5760658025961226,1921.7598614318972
678,82.80703517944238,0.549915544907398,2004.7672099720653
679,83.81466528498248,0.4784189843640976,1986.8275891958876
680,82.16501619212971,0.5201865045168305,2033.9571387719097
681,76.61284468634831,0.49879021968045417,1984.8977250255068
682,78.42643920116068,0.4548149069634936,1983.5276106826454
683,81.46812368368376,0.5162179640860801,2036.5935352144147
684,76.33361657332416,0.44104801044200986,2016.7529014542058
685,82.13899529051716,0.5593839694230782,2015.8077978591389
686,79.2790238055256,0.47676913513508035,2023.4633794904264
687,78.87553757735121,0.510057982793642,1923.2213938396446
688,82.13287990461048,0.5141643935773071,2037.839433999349
689,81.33278993445812,0.48705475131479614,2030.6234397006801
690,78.91710150254276,0.5293346900737638,1949.1658435711752
691,83.47798941009275,0.4762548171688738,1987.7959763162899
692,76.75681001720031,0.5435648648728622,1998.0346356186185
693,81.84780682083279,0.4327010159876626,1993.2751607799134
694,81.77930377390516,0.5063189789773206,2016.6929983284267
695,79.07136068205803,0.5969464499529142,2071.568339091559
696,80.97839906672635,0.4499834337697213,2054.0883363836415
697,76.24665927084409,0.4661127514737574,1934.3890403284297
698,82.77208105762071,0.5256953924829457,2031.1034995153025
699,79.44529359067103,0.5089790890969799,2066.4466659767704
700,103.43183093844289,0.517531504963678,2019.34042603446
701,108.14702767751066,0.5244593565073832,2054.5490212592986
702,102.88696892837172,0.5317360734280885,2100.6135222850385
703,100.77461611090932,0.5554849920978111,2051.185477305349
704,100.3301124794283,0.5204909328464257,2012.4654297820864
705,106.81802985403692,0.48793711726907285,2052.2544237042375
706,101.15871194251115,0.5336286850601366,2007.2443916548445
707,110.2643825459531,0.5949940967447608,2001.1951521642477
708,98.75421177634884,0.49336831268087133,1982.4292882143134
709,110.08936910487012,0.4512735347664679,2078.1706679416056
710,105.63305240160786,0.5553540334643486,1959.0785667029
711,104.70986066438883,0.4939809418023201,2076.6183862339058
712,103.36524273957315,0.39136652269929817,2024.9932061870186
713,106.19740834305621,0.5423710838575211,1930.034691259903
714,104.88709589272545,0.47323359070230386,2018.3824646495711
715,108.30990564604957,0.495473335884792,1894.9986746174188
716,105.34268294598611,0.5165990165284507,2031.2754008415518
717,105.45090528438563,0.5095249839889533,2044.2615741494496
718,103.90916336335843,0.535472590856952,1970.3822022173972
719,104.8291631288368,0.47822568147150785,2006.177384797779
720,105.92340530667617,0.9256552899088042,2097.7078716875144
721,99.86949482203012,0.8870226661208042,1974.7126647869031
722,100.95544373368286,0.9369405240443752,1947.05462064717
723,107.22979228206815,0.9307683742006527,2074.08317012313
724,105.51259631438383,0.8532280648977703,2098.1293595265397
725,104.44804999094197,0.9542991058087517,2000.1847835923925
726,105.05530179919617,0.8732018277442977,2050.573151770418
727,106.04274511608502,0.9404028899140573,2067.073795776544
728,103.38072095907191,0.9183643656700671,1962.8757883730807
729,102.66508582379306,0.9919091838397561,1975.7347082316066
730,105.58753576529304,0.8888267008814075,2061.5437256577366
731,102.0648816671549,0.8825341601940901,2084.2507139354257
732,106.22475826714341,0.8990290197056134,2028.1440430087177
733,99.89224918728648,0.8848410108582863,1956.0092823248972
734,108.08746691197693,0.9399970950971025,2099.353055584972
735,106.41779244723912,0.8191844695781706,1973.4514551094019
736,105.76808920294162,0.8473158790426822,1983.2431109414274
737,107.94807295183654,0.8466098539210404,2017.116891724481
738,109.99642333338772,0.9475153795986788,2077.7080210357385
739,108.0431101950544,0.9855306686290963,2042.6987988276112
740,99.47737730600507,0.8947775390731265,2020.7432750180956
741,101.16126909979289,0.8915589138404996,2023.1644265059053
742,103.12554426691297,0.9035026081556591,2002.1757334321733
743,105.0782731506325,0.9580939151304095,2027.9069757259253
744,106.55297706140738,0.8536323432904713,1873.5219961152848
745,102.8227685605396,0.9119184491367393,1985.1696270465102
746,105.56030029343124,0.9487598814891215,2012.066096745839
747,102.73385120294003,0.9250547084969923,1942.4492958190247
748,103.16544659102415,0.9094790808299372,2019.316165890578
749,100.78001670945534,0.9500523046283571,1989.776438950694
750,102.23030026166728,0.7648383853500381,1706.2122733402962
751,100.944946183151,0.9338937659765454,1906.5739841048423
752,102.072380241068,0.8672962158436288,1893.9886148597632
753,108.16092538982352,0.8084683551571772,2369.995645889703
754,102.15180333350418,0.925560129976249,2107.613246626332
755,112.89714619451217,0.9686829272581479,1710.3207123720408
756,106.47995370264266,0.8931275742686154,2106.958507084934
757,105.55450837108462,0.947643727360147,1652.6250987679475
758,102.42492665945636,0.9806139128994323,2160.0074440305384
759,107.10092963822697,0.9657457226792024,1936.9106308314376
760,103.27308652128667,0.9819982264685697,2012.7492414632563
761,105.36602944393609,0.9371063745535947,2224.9435415254384
762,112.68025361480639,0.9037716819450796,1787.33505782128
763,104.71182030082605,0.8199017094051416,1688.997476519135
764,108.44781997885703,0.8876968755935026,1895.9383966326982
765,102.89047072462233,0.8578376702341904,2248.692970834486
766,104.89503452850911,1.0085471358748908,1694.450156669446
767,110.31240190690653,0.8912057093783832,1456.3059259849429
768,103.1190988266367,0.9061602403392243,1883.9467461238216
769,110.43734567399079,0.9275742688020234,2100.5248308107793
770,107.12325580636643,0.9021801223186227,2229.759378403749
771,103.31259967231719,0.9847525520215377,1870.0388102559082
772,106.89722321716657,0.8688675319132775,1908.8759704210104
773,107.91766334888018,0.9097303727618622,2153.349231907962
774,106.86542988665158,0.8628764707150975,1601.4939727038109
775,100.28932584032863,0.8339988744389647,1908.0520702949145
776,102.81858847252539,0.8694115454547358,2025.2757903602424
777,104.25744409334548,0.8981481601475794,2077.768871963468
778,104.77669971269987,0.8785348887741371,1894.9504513688169
779,106.86201629265203,0.8653789510063072,2030.8602782454716
780,105.53310300279976,0.42968412681640833,1546.0603830240282
781,100.99396692386969,0.4958447213685653,1835.862056190817
782,106.1405935530179,0.4247639812984499,2030.541699741436
783,106.83175723585147,0.5380027981844802,1751.438972536909
784,106.67937134379312,0.5041219876467251,1987.4366982581732
785,108.24234217666387,0.42712242502675346,2071.778434269714
786,107.50176646364672,0.4845395461475068,1892.9903565185741
787,106.37754023768531,0.46239217972047086,1969.2869209868195
788,104.78950286562406,0.515958725520959,1784.647445569368
789,100.01711719945203,0.5670225223011572,1967.7490750664892
790,106.28885465739776,0.40624137651771275,2151.7947072096226
791,105.62306306148933,0.5057513039573709,2003.5234395382706
792,105.81473651158612,0.49199336022166795,1862.0438549800413
793,101.16975427253907,0.5335670038225233,1998.508365415793
794,101.75683037877522,0.5106598314118844,2141.3499996085848
795,108.15945855999871,0.46240153341305906,1547.5903125749637
796,104.88133453843004,0.4840473032166691,2260.4712036532396
797,107.04450209211787,0.4601987071598255,1843.45572766708
798,105.08495512839139,0.5538003569299299,2067.116503025423
799,105.08926841848724,0.5010655824335971,2254.5047516886325
800,82.814851417928,0.5950595342876503,1734.856986370032
801,78.45186581534787,0.496966959309269,1992.7634827135155
802,80.28836233082295,0.46457966165447684,1959.7802620532543
803,78.61317413388487,0.42431428036935864,1793.0465659330139
804,78.69651131770306,0.40984301618720276,2342.214102812908
805,79.07248362959407,0.4207932028497255,1739.8332645613189
806,80.66640131490114,0.5133563325505742,1884.8606566377887
807,78.56375413500957,0.5254362511614967,1999.2250034705573
808,83.76726837672057,0.4209404648983933,1805.3396085627903
809,77.31617809334149,0.5447519157038058,1893.3868439189705
810,79.43938506751593,0.475846947415828,2057.6523564602726
811,78.68080682517747,0.5073396505992774,1901.6500270532777
812,84.3409336530612,0.5806110314127713,2068.2651958126767
813,80.58966432953473,0.5448419657932766,1878.0714392044301
814,83.09553361840591,0.4865734676047084,1788.7337903378066
815,75.54331888088909,0.45544038872923565,2105.026230373761
816,80.80115079760778,0.3924092299335348,2375.089950696218
817,82.66889238687031,0.464042334037879,2022.1169835225637
818,80.24685196782627,0.48944348805861526,2064.7426883603225
819,83.19644112519606,0.4506410236424408,2042.1609220560915
820,78.44813464969889,0.49343715164538476,1732.1897309831222
821,84.22804232055674,0.5038425941479384,2382.7608301851374
822,86.89669437085774,0.48875720090959607,2038.020900110855
823,78.91148431868102,0.467499870958827,2256.111887477643
824,78.66349243579768,0.5084327335983364,1850.7731783663287
825,84.3601534313531,0.5220970324784705,2448.8176603243396
826,84.73871643719214,0.4454800461278577,2217.375684583693
827,78.4314199185402,0.5705466189873135,2107.50781670217
828,78.73943954871243,0.4950705933857869,2094.3773547235337
829,79.15464617341848,0.5009424811472424,1931.9689253667075
830,75.96664846689717,0.5354107211628278,2154.9127523534385
831,77.2440441605474,0.511660806563175,1981.8486745631317
832,76.9875776997438,0.5476568316956623,1684.7304977079796
833,77.69660730468762,0.5143562082600912,1762.8630535671343
834,79.89594533783966,0.4693781312679781,1950.6616505926997
835,80.70264419760956,0.5180751762603051,2047.0078868193668
836,84.65150147844223,0.4428136896339669,2083.8891316986715
837,77.00493787778363,0.5054279852888262,2325.092103726836
838,82.95296719542975,0.49833850046777695,1720.7186388646817
839,79.35803346732348,0.489594157136373,2020.7653267810294
840,79.8516088710427,0.49357312442805346,1651.1853793599237
841,82.02445847649982,0.40590754772511806,2076.110331625794
842,76.63183393531311,0.4725637546129519,2054.9549784175133
843,81.14722923855216,0.5046422450570557,2025.5330168414268
844,80.49935662463916,0.50799281959987,1838.0621860701783
845,81.47735379202445,0.44861624295370206,2201.027859949908
846,80.86750593172346,0.563285392043235,2178.9015914748356
847,87.36590041973268,0.456691257589275,2074.8457390498925
848,78.08678004724605,0.5484728600263369,1943.702787593521
849,78.40700913499455,0.5213597180935843,2089.0153219015774
850,78.13057842072571,0.46768863450780984,1972.5865602537463
851,78.33356864251924,0.5887655446304756,2041.6666955890153
852,78.08783861808044,0.440318158412176,1944.756860346874
853,83.56704959332265,0.5459577086805001,2011.0270713506934
854,84.26151274396956,0.5500291159021489,2060.897957615278
855,78.28776111875158,0.4664689895461678,1974.3401817743302
856,77.50293328068732,0.5696232650032165,1964.10405546262
857,81.41424666915921,0.48749767427005236,1988.4737687409875
858,78.34333086715709,0.5144346814639928,2058.9862604180357
859,81.89879545326653,0.513016091938561,2009.705381547668
860,80.6087690625539,0.4932845629264726,1973.43928526962
861,75.4527676550083,0.5405404136579891,2024.193832559402
862,84.64251560399019,0.5396744360276107,1944.885392508179
863,85.38763301928657,0.41257340133809095,2034.0679755221474
864,78.16163392854685,0.5652170121439076,2020.4303653850884
865,78.83689532019204,0.41687540059821626,1984.6095764430559
866,80.85759617217471,0.5516273102170829,1958.0707100776385
867,81.00337036996108,0.5563352568413792,1955.665953885827
868,81.9756328180185,0.44545167848924005,2026.7408668172955
869,86.03061361629905,0.47945928560227075,2061.449025124453
870,79.46915831751785,0.4447147665757032,1968.1346126485603
871,77.60510826638463,0.48925394848556325,2022.919335177574
872,75.86204231595642,0.48459828579071296,1895.6486490698965
873,77.80720988017424,0.538983026613467,1970.76911346714
874,79.90061908137861,0.5655154373059804,1998.447053356455
875,85.38367359055336,0.5697841905394978,1954.5158291509083
876,78.44716610289149,0.4718915986710849,1953.1746812605202
877,80.67136385491669,0.48953890631277364,1966.6110221765557
878,79.95073131178174,0.41582809038895246,2014.6096364163186
879,83.56517982034426,0.4597064966751906,1990.6335490796812
880,87.58079727762086,0.5482425816548728,1888.0884383337514
881,78.40739368123904,0.5807791411774116,1893.9649923682466
882,78.53168167244533,0.4382825564060039,1969.6567411071412
883,83.13248263120721,0.4703767870423553,2022.8843293026775
884,82.04567446887893,0.49867971215205364,1862.6247578637383
885,85.5401219772081,0.5140080579409804,1975.0134911924185
886,81.75178455597789,0.45951982400391767,1973.687607174129
887,78.92212372763882,0.5212030522232045,2069.4168889104226
888,81.77196449207693,0.4763080326464542,1980.7489094143568
889,83.32611074174872,0.49927738645608605,2019.1494492370464
890,82.46144654359209,0.527314212400185,2007.0628570043732
891,81.52182209332189,0.5003211134905469,1893.4716760096399
892,83.20002406876746,0.4781807054736716,2038.4103608315868
893,83.50788677133701,0.49451950980370846,2010.7698252728144
894,84.14647697311258,0.49558185203973326,2025.4134319837294
895,81.94612966276893,0.4814994485058936,2196.311885321816
896,79.49864575904944,0.48706019686664487,1895.7943530250707
897,80.44014105929998,0.5799323585252358,2086.2348324880554
898,83.61952689952507,0.528045972397062,1985.6276240299821
899,77.5491929870383,0.485225984098542,2014.3664452201504
900,81.1060199266187,0.5348477202255368,1997.7243877349379
901,78.81998356301791,0.4833090255121995,1978.7881833300978
902,80.08623446880445,0.5586562318793321,1971.5083535880622
903,83.8353555878219,0.5184821096099047,2016.4754367786504
904,80.57329720405971,0.49463489279978856,1924.141315166416
905,80.13930964446844,0.5223858462905139,2037.5289583760882
906,75.92043157706024,0.42145619239657506,1979.1902797557373
907,82.23876069808166,0.44366162655450975,1943.4965330479822
908,81.93645254342323,0.4403037496800472,1977.4993571002094
909,86.48976416991638,0.5071471547381854,2062.8574608431286
910,79.076665295141,0.5866257499742547,1973.2332456491888
911,80.65745098299182,0.6115650073096316,2017.922680910481
912,80.74815105113227,0.5319025550720379,1963.4521862142262
913,84.73235983929042,0.5250422237472229,2037.896092496181
914,79.71411340283915,0.40994711329236305,2034.27538693951
915,80.83706457731101,0.47286631001329893,2092.4304416648206
916,81.82368952914962,0.46061081240458807,1991.2218027250392
917,80.55982736946908,0.4689576200874442,2033.4327402378954
918,78.66069915634841,0.49159280907076053,2004.9033769769471
919,80.58226997869492,0.47639547111514363,2064.793589093151
920,83.22089524957931,0.4010350094812106,1964.0583806195634
921,76.92045410176682,0.5373955128058767,2037.2502656438642
922,80.39890902244063,0.4463628487130097,1990.2651351941659
923,77.89963755518248,0.5119623432055574,1996.790591144575
924,83.58513988677453,0.6037041334874986,2004.5876242224188
925,75.43043928564867,0.45403077042067885,2012.612019821334
926,78.32323445818524,0.37348562386268347,1994.1885478439021
927,81.13163562519357,0.48569978890599447,2010.7356591585262
928,84.69657208770302,0.5550479817499285,2078.9059028781094
929,79.80274921678104,0.5979173727110297,2049.272484280761
930,78.33440141992041,0.43852252027737915,2043.457729624845
931,85.64347120832177,0.524834961161826,1977.2230236988064
932,75.65595829875127,0.4767344771609973,1955.5379585885837
933,73.40358213013975,0.4947025822847932,2047.7650279118877
934,81.32004335015999,0.6322171673508518,2043.8023396264898
935,78.49383732694217,0.42485148358024233,2073.633533787549
936,76.93630154860786,0.5126869830747287,1969.8009687015385
937,82.12506934189805,0.5233846585882717,1988.5225672319827
938,80.7314021413136,0.5542893162469673,1918.0257918737284
939,78.30776410778981,0.5048991576735448,1980.3764446969562
940,76.15908680398732,0.5154025269752052,2049.8285255289725
941,82.61737198484043,0.48041757162891047,1976.67523103859
942,81.95060353387598,0.5134563470622554,2032.023989760041
943,79.70247240866185,0.4828403862251295,1990.4748447001095
944,85.53991098814299,0.5310785944928026,2016.202851411078
945,76.78974570102154,0.4815194831978183,1942.6154305092166
946,75.42342448722579,0.5188550196951093,2004.2604724816952
947,77.92427579035626,0.4985368593157511,1850.4432014549639
948,79.86324195093351,0.5563025125386084,1990.6551920919007
949,80.73001834796807,0.4974303138205757,1918.476337814243
950,79.276291826431,0.41134837658965595,2060.299725827341
951,81.05616618954289,0.5630960750356996,2038.8703676382256
952,76.24538172742866,0.4547133849568691,2023.333549098304
953,84.33129381221978,0.467311683067559,2076.050311357969
954,79.75354646482229,0.4702169352978254,1952.5541739587582
955,83.35188749476438,0.5687219046585409,2087.368159895778
956,81.02817603913311,0.3932162893010652,2046.6095782130192
957,81.37025965746135,0.6568874266829997,1988.1722356390526
958,81.70930184069661,0.5528028404533026,2056.781007359147
959,81.34312568005194,0.511161945706458,1944.6853243794183
960,81.92816827960263,0.49725529996918566,1958.7742919236164
961,83.9874575903973,0.5142777037428828,1969.570513838015
962,80.58956350910441,0.526056121418967,1973.5511145967992
963,82.12701127276554,0.5322607792975028,1947.1721178619873
964,79.73079291713832,0.5277802233001724,2061.154153354766
965,84.32035164634841,0.5044790340627624,1987.0572799815084
966,77.97082309382219,0.4901330789846337,2017.625248417844
967,85.40282129873245,0.49243633581732443,1971.482431679316
968,79.87952614806697,0.49025458598236593,1908.969834972574
969,75.70767469364586,0.5566885048433532,2013.5028679195711
970,80.38431324473237,0.5296778361140431,1904.387251229011
971,77.95684502757535,0.352980568266786,1996.5682976957266
972,82.52193064696617,0.532795038826488,1931.5842480583594
973,78.04212806209283,0.5097368097359387,2099.3637999615403
974,78.66144970035566,0.4990645621777051,2045.568136108736
975,74.3313778071634,0.4805740773455557,2005.287689563574
976,78.64308104225277,0.5562056359993006,2063.1853338827336
977,72.72836202011312,0.5473763231061429,1957.684201126713
978,75.24829152954283,0.46135611660881953,2027.1739689335047
979,82.28124396843289,0.5203526143562267,2009.9905216859356
980,82.3574004759525,0.4514171632729357,2013.2010040666835
981,81.2763726853549,0.4310190917605535,2063.6176750053382
982,77.09907157061237,0.4686641387705017,2036.62460513899
983,79.85686593157406,0.5431196736191379,2014.4361831412511
984,79.98919238272829,0.5476562522688043,1917.2556281885852
985,76.52490593242237,0.5256542710048646,1951.9976852360269
986,84.51019490530145,0.5362547893423999,1993.8645533202139
987,82.63208687172701,0.525808914355748,2004.6686187138325
988,79.337107478511,0.4679259202388524,1943.4898137663038
989,80.08065751698359,0.5215961272336971,2120.583833778921
990,80.62514842384266,0.5400204762613842,2075.819702762679
991,73.87479539472713,0.5377145664906787,2030.1059160196241
992,79.25846785243822,0.5594456685737321,2003.6018430641873
993,77.9540472560066,0.5354151923600532,1989.3895515049423
994,76.99513997031525,0.5175724103770791,1952.4040769988883
995,79.15669912134213,0.5535075119158214,2003.8740259259432
996,85.39305958054857,0.498673937037547,2012.8876270071376
997,81.92252858380103,0.4559062674386141,1937.9119712259187
998,78.2864630306516,0.4918466518028118,2016.708820862245
999,81.71774834406848,0.46275486775967756,1992.2370475587625
